{"cameraMode":{"drawMode":0,"name":"Shaded","section":"Shading Mode"},"sceneLighting":true,"audioPlay":false,"sceneViewState":{"m_AlwaysRefresh":false,"showFog":true,"showSkybox":true,"showFlares":true,"showImageEffects":true,"showParticleSystems":true,"showVisualEffectGraphs":true,"m_FxEnabled":true},"in2DMode":false,"pivot":{"x":0.009177422150969506,"y":0.41513288021087649,"z":0.5167242884635925},"rotation":{"x":-0.006807532627135515,"y":0.9914427399635315,"z":-0.11684218049049378,"w":-0.057767268270254138},"size":3.3915159702301027,"orthographic":false}